,0
0,Kendriya Terminal
1,Dr RML Hospital
2,NDPO
3,Regal Cinema
4,Upper Ridge Road
5,Railway Colony
6,L N  Tample
7,Mandir Marg
8,Palika Kendra
9,Krishi Bhawan
10,Ridge Road Xing
11,Talkatora Garden
12,Shadi Pur Depot
13,Ridge Road
14,Shankar Road
15,Jantar Mantar
16,Patel Chowk
17,Vigyan Bhawan
18,Central Secretariat
19,Shivaji Stadium
20,Chitra Gupta Road
21,New Delhi Railway Station Gate  II
22,Mandi House
23,Super Bazar CP
24,New Delhi Railway Station Gate  I
25,Akashvani Bhawan
26,A I R 
27,Statesman
28,Vivekanand Road
29,Gole Market
30,Pusa Road Petrol Pump
31,Govt Press
32,Raghubir Nagar F  Blk
33,Meghdoot Bhawan
34,Punchkuian Raod
35,Pahar Ganj Police Station
36,Faiz Road
37,Karol Bagh Terminal
38,DB Gupta Market
39,Ajmeri Gate
40,Karol Bagh
41,Rani Jhansi Road   Id Gah   
42,Sadar Thana
43,Sucheta Kriplani Hospital
44,Guru Govind Singh Marg
45,Ice Factory
46,Rabindra Rangshala
47,Sarai Rohilla
48,Filmistan
49,Liberty
50, Keekarwala Chowk
51,Subhadra Cly
52,Shastri Bagh E  Blk
53,Anand Parvat
54,Zakhira
55,Daya Basti
56,D B  Gupta Rd
57,Gulabi Bagh
58,Wazir Pur JJ Cly
59,Keshav Puram B  3
60,Inderlok
61,Kanhiya Nagar
62,Tri Nagar Jai Mata Market
63,Ashok Vihar Ph  I
64,Deep Market
65,Ashok Vihar Water Tank
66,I  blk Ashok Vihar
67,Inderlok Metro Station
68,Ashok Vihar Xing
69,Anand Vihar Bus Terminal
70,New Delhi Railway Station
71,Fateh Puri
72,Keshavpur Depot
73,Karam Pura Terminal
74,Naraina Depot
75,Wp Ngr
76,West Patel Nagar
77,Moti Nagar East
78,Punjabi Bagh Terminal
79,New Moti Nagar
80,Britania Biscuit Factory
81,Ramesh Nagar
82,Raja Garden
83,Tilak Nagar
84,Lajpat Nagar
85,Mp Chowk
86,Punjabi Bagh Xing
87,Shivaji Park
88,Madi Pur Village
89,Wazir Pur Depot
90,Madipur JJ Cly
91,Punjabi Bagh Club
92,Punjabi Bagh
93,Punjabi Bagh Extention
94,Ram pura
95,Syndicate Bank Chattarpur
96,Keshav Puram A  1
97,Shakur Pur Shiv Mandir
98,Madipur
99,Sahkur Basti Ordinance Depot
100,Multan Nagar
101,Ordinance Depot
102,Ambedkar Stadium
103,Oardines Depot
104,Peera Garhi
105,Mangol Puri B  Blk
106,Inder Enclave
107,Jawala Puri
108,Mangolpur School
109,Jwala Puri
110,Peera Garhi Depot
111,Udyog Nagar
112,Nangloi
113,Nangloi JJ Colony
114,Nangloi Vill 
115,Kamarudin Nagar Xing
116,Mori Gate   ISBT
117,Nithari Village
118,Safdarjang Terminal
119,Adhyapak Nagar
120,Lokesh
121,Kavita Cly 
122,Swaran Park
123,Hamdard Nagar
124,Jahangir Puri E  Blk
125,New Seema Puri
126,Sultan Puri Xing
127,Tri Nagar Metro Station
128,Mundka
129,Munirka
130,Kamruddin Nagar
131,Railway Xing
132,Hiran Kudna Xing
133,Oil Factory
134,Rasul Pur
135,Mundka Railway Xing 
136,Chor Johra
137,I P  Depot
138,Palam Colony
139,Rani Khera
140,Mubarakpur Xing
141,Madan Pur Dabas
142,Mubarkpur Dabas
143,Nehru Place Terminal
144,Ram Prastha Xing
145,Surya Nagar
146,Hasan Pur Depot
147,Sarai Kale Khan ISBT
148,Gazi Pur Depot
149,Hari Nagar Depot
150,Hauz Khas Terminal
151,Ghazipur Xing
152,G P  Depot
153,Ram Prasth Flyover
154,Anand Vihar Bus Termina
155,Yojana Vihar
156,Iit Vivek Vihar
157,Esi Hospital
158,Seemapuri
159,Shahdara Border
160,Dilshad Garden GT Road
161,Ram Prastha
162,Vivek Vihar
163,Jhilmil Colony DDA Flats
164,Rohini Depot
165,Rohini Sec  11 Xing
166,Surajmal Vihar Trml 
167,Surajmal Park
168,Collge Of Business Studies
169,Shahdara Court
170,Jagat Puri A  Blk
171,K K  Xing
172,Hans Apartment
173,Karkarduma More
174,Swastiya Vihar
175,Hargovind Enclave
176,Shakar Pur
177,Karkardooma Flats
178,TT Post
179,Rainy Well
180,Mother Dairy
181,Pushta Xing
182,Ps Trilokpuri
183,Radhu Palace
184,Samas Pur Khalsa
185,Anand Gram
186,Ramesh Park
187,Shakar Pur School Blk
188,Delhi Secretariat
189,ITO Ring Road
190,ITO AGCR
191,Raj Ghat
192,I T O
193,Kisan Ghat
194,Rose Evenue
195,Shanti Vana
196,Delhi Gate
197,Pragati Maidan
198,Ambedkar Stadium Terminal
199,Vijay Ghat
200,Yamuna Bazar
201,ISBT
202,Raksha Vigyan Kendra
203,Tees Hazari
204,I P College
205,Old Secretariat
206,Red Fort
207,Shyam Giri Mandir
208,Supreme Court
209,E81
210,STA Office
211,Roshanara Bagh
212,Azad Market   DCM  
213,Malka Ganj
214,Kishan Ganj Dispensary
215,Roshan Ara Road
216,Clock Tower   Old Subzi Mandi  
217,Hari Nagar Clock Tower
218,Shakti Nagar
219,Gur Mandi
220,Kamla Nagar
221,Beriwala Bagh
222,P S  Roshnara Bagh
223,Junk Market
224,Gulabi Bagh Dda Flats
225,Maurice Nagar
226,Bharat Nagar Xing
227,Khalsa College
228,Sir Ganga Ram Hospital
229,Moti Nagar
230,Sadhu Vasvani Marg
231,Karol Bagh Metro Station
232,Telephone Exchange
233,Telephone Exchange   Pusa Road  
234,Dev Nagar
235,Punchkuain Road
236,Kikar Wala Chowk
237,RSS Sang   Karol Bagh  
238,Keekarwala Chowk
239,Kashmere Gate
240,Mall Road
241,INS Hostel
242,Balak Ram Hospital
243,Khyberpass
244,Old Chandrawal
245,RR Lines
246,Shastri Bazar
247,Br Hospital
248,International Students
249,Gopi Nath Bzr
250,GTB Nagar
251,Patel Chest
252,Timar Pur
253,Model Town  II
254,Azad Pur
255,Dhakka
256,Dhakka Village
257,BBM Depot
258,Adarsh Nagar
259,Shalimar Bagh AE  Blk
260,Shalimar Bagh Xing
261,Prem Bari Pul
262,Singhu Border
263,Kewal Park
264,Ggs Colege
265,Maurya Enclave KD  Blk
266,Kohat Enclave
267,Pitam Pura JD  Blk
268,Kohat Metro Stn
269,Dda Office Pitam Pura
270,Pitam Pura KD  Blk
271,Maurya Enclave JD  Blk
272,Pitam Pura Power House
273,alpha
274,Power House
275,Ru Block Pitam Pura
276,Madhuvan Chowk
277,Saraswati Vihar C  Blk
278,Sect  78 Rohini
279,Paschim Vihar Power House
280,Rohini Sec  9
281,Rohini Pkt  D2 Sec  15
282,Rohini Sec  3   Avantika  
283,Rohini Sector  7
284,Rohini Sec  6
285,Vidya Vihar Marg Xing
286,Rithala Xing
287,Vishram Chowk
288,Rithala Village
289,Avantika
290,Avantika Xing
291,Bawana
292,Mangol Puri Y  Blk
293,Mangolpur Khurd
294,Budh Vihar
295,Pooth Kalan
296,Jalebi Chowk
297,Mangol Puri S  Blk
298,E  blk Sultan Puri
299,Sultan Puri
300,Turkman Gate
301,Tolstoy Marg Xing
302,Dhaula Kuan
303,Taj Hotel
304,Nanak Pura
305,Moti Bagh
306,R K Puram Sec  1
307,Minto Road Terminal
308,Golf Club
309,Corporation Office
310,Garision Engineer
311,South Campus
312,Partap Chowk
313,Airforce Hqrs
314,Nanak Pura Xing
315,Kirbi Place
316,Signal Officer Flats
317,Brar Square
318,Gopi Nath Bzr 
319,Palam Tanki
320,Lajwanti Garden
321,Pehladpur
322,Janak Setu
323,Desu Colony
324,Hnd  1
325,Janak Puri D  Blk
326,Dabri Village
327,Janakpuri C  1
328,JL Nehru Stadium
329,Janak Puri C  3
330,Dabri Xing
331,Dashrath Puri
332,Palam Village
333,Mangla Puri
334,Dwarka Gate
335,Dwarka Sec  II Mahaveer Enclave Part  III
336,Mahavir Enclave
337,Dwarka Sec  6 Telephone Exchange
338,Dwarka Sec  6  10 Xing
339,Amberahi Xing
340,Dwarka Sec  18A  17D
341,Sultanpur
342,A K  Stadium
343,Dwarka Xing
344,Koria Bridge
345,Palam Health Centre
346,Dwarka Sec  18B
347,National High Way   24 Xing
348,Vinod Nagar
349,Highway Xing
350,Chander Vihar
351,Balco Apptt
352,Manglam Hospital
353,Krishan Kunj
354,Dharma Apartment
355,Govt  School Pachim Puri
356,Road Bridge
357,Mayur Vihar Phase  I
358,Trilok Puri 13  Block
359,Cpwd Office
360,East Road Bridge
361,Railway Bridge Ring Road
362,Baba Bisember Das Ashram
363,Ashram
364,Maharani Bagh
365,Gurudwara Bangla Sahib
366,Road Bridge East
367,Bala Sahib Gurudwara
368,Sriniwaspuri Depot
369,Bhogal
370,Nizamuddin Police Station
371,Ishwar Nagar
372,Nehru Nagar
373,Holy Family Hospital
374,Snpd
375,Toll Bridge Corner
376,Punj Sons
377,Kalkaji Depot
378,Kalkaji DDA Flats
379,Nizamuddin Rly Station
380,Arya Samaj Road
381,Ram Puri
382,Kalkaji
383,Ambedkar Nagar Terminal
384,Tughalakabad Village
385,Batra Hospital
386,Tughlakabad Fort
387,Deoli Village
388,Saket J  Blk
389,Jheel
390,Saiyad ul Ajaib
391,Saket Crossing
392,Khanpur
393,Ambedkar Nagar Sec  4   Virat Cinema  
394,Hauzrani   GM Modi Hosp   
395,E  blk  Saket
396,Neb Sarai
397,Police Training School
398,Qutub Enclave
399,Lado Sarai
400,Qutub Minar
401,Mehrauli
402,Geetanjali
403,Adhchini
404,Ahinsa Sthal
405,JL Nehru University
406,Qutab Garh
407,RK Puram Sec  I
408,Ber Sarai
409,RK Puram Sec  8
410,Moti Bagh  I
411,Vasant Village
412,Swami Malai Mandir
413,Basant Village
414,Uttam Nagar
415,Janak Puri C  2B
416,Tilak Pul
417,Jeevan Park
418,Janakpuri District Center
419,Vikas Puri X  ing
420,Om Vihar
421,Mjr Bhupender Singh Ngr
422,Sunder Vihar
423,Kp Depot
424,Vikas Puri H  Blk
425,K P Depot
426,Krishana Puri
427,Prashant Vihar
428,Uttari Pitam Pura
429,Puspanjali
430,Haider Pur Water Works
431,Haider Pur
432,GTK By Pass
433,Badli Xing
434,Mukand Pur
435,GTK Depot
436,Libas Pur
437,Bhalswa X  ing
438,Samey Pur
439,Burari Xing
440,Bhalswa Dairy
441,Jagat Pur
442,Jharoda Xing
443,Jharoda Dairy Xing
444,Tomar Colony
445,Mukand Pur Xing
446,Jagat Pur Xing
447,Nanaksar
448,Bhajanpura
449,Khajoori
450,Wazirabad Bridge
451,Wazirabad
452,A   Block Sonia Vihar Pusta No  1
453,Yamuna Vihar C  4
454,C  1 Yamuna Vihar
455,Sherpur
456,Yamuna Vihar C  1
457,Yamuna Vihar Terminal
458,Mandoli Xing
459,Loni Road Xing
460,L R Xing
461,C  12 Yamuna Vihar
462,Nand Nagri C Centre
463,New Seema Puri Xing
464,Mukherji Nagar Bandh
465,Shahdara
466,Darya ganj
467,ITO BSZ Marg
468,Kamla Mkt
469,Mori Gate Terminal
470,Jahangirpuri G T Road
471,Jahangir Puri Xing
472,Jahangirpuri B Block
473,Badli GT Road
474,Gurudwara
475,Gurdwara Gt Road
476,Siras Pur Xing
477,Nangli Poonam
478,Budh Pur
479,Khera Kalan School
480,Budh Pur Xing
481,Alipur
482,Alipur Garhi
483,Palla X  ing
484,Gt Road Xing
485,Bakouli Xing
486,Minda Farm
487,Arvind Farm
488,Holambi Xing
489,Shahpur Garhi
490,Holambi Khurd
491,Holumbi Khurd
492,Bhor Garh
493,Petrol Pump
494,Narela DSIDC
495,Kureni Xing
496,Kureni
497,Narela Mandi
498,Narela Terminal
499,Narela Rly Xing
500,Bankner Village
501,Shafiabad Xing
502,Bakner Vill
503,Bakner Basti
504,Ferozshah Road
505,Bal Bhawan
506,Nirankari Cly
507,Sant Nagar
508,Dwarka Sec  8 DTC Depot
509,Burari Village
510,Baba Colony
511,Indirapuri
512,Andrews Ganj
513,M C  K R  Hospital
514,Greater Kailash Part  II
515,Loniyan Ind
516,Burari Garhi
517,Nathu Pura Xing
518,Hiranki Xing
519,Kaushik Enclave
520,Ibrahim Pur
521,Nathu Pura
522,Hiranki
523,Keshav Nagar
524,Mohammad Pur
525,Mukhmelpur
526,Nauroji Nagar
527,N J  Nagar
528,R K Puram Sec  3
529,Sarojini Nagar Depot
530,Green Field School
531,Bakhtawar Pur Chowk
532,Shastri Park
533,Seelam Pur
534,Shastri Ngr Pusta
535,I S B T Kashmiri Gate   Nityanand Marg  
536,New Usman Pur Pusta No  1
537,Dharam Pura
538,Yamuna Bridge East
539,New Usman Pur
540,Kanti Nagar
541,Welcome
542,Zafra Bad School
543,Swarn Cinema
544,Kasturba Nagar
545, Vishwas Nagar
546,Patpar Ganj Depot
547,Sunder Nagar
548,National Stadium
549,Patiala House
550,Itpo Office
551,Sunder Nagar   Golf Club
552,R P Bagh
553,Bara Bagh
554,Bank Colony
555,Badli School
556,Rohini Sec  18
557,Sachdeva Public School
558,Rohini Sec  13
559,Rohini Sec  11 SFS Flats
560,Rohini Sec  16
561,Engineering College
562,Old Delhi Railway Station
563,Delhi Eng  College
564,Rohini Sec  16 Xing
565,Shahbad Daulat Pur
566,St  Michal School
567,Shahbad Dairy
568,Prahlad Pur School
569,Prahlad Pur
570,Prehlad Pur Village
571,Uttam Nagar Terminal
572,Barwala Pathshala
573,Badarpur   New MB Road  
574,Andh Vidhyalaya
575,Palam Phatak
576,Hanuman Mandir
577,Prehlad Vihar
578,Barwala
579,Asthal Pooth
580,Pooth Khurd
581,Bawana School
582,Dhake Wala
583,Sultan Pur Dabas
584,Bawana Depot
585,Dariya Pur
586,Bawana Cannal
587,Nangal Xing
588,Dariya Pur School
589,Nangli Xing
590,Nangal Thakran More
591,Harewali Xing
592,Auchandi Village
593,Auchandi School
594,Harewali Village
595,Auchandi Border
596,Mangesh Pur
597,Katewra X  ing
598,Katevara
599,Qutab Garh Border
600,Katewra Village
601,Najafgarh
602,Rohini Sec  19 Police Chowki
603,Rohini Sec  18 Police Chowki
604,Police Post
605,Rohini Sec  17 Xing
606,Nangli Thakran
607,Bajit Pur
608,Nangal Vill Darya Pur Xing
609,Bajit Pur W  Works
610,Nehru Vihar
611,Nehru Vihar Xing
612,Wazirabad Xing
613,Kamla Nagar Police Station
614,University Gate
615,Chowki No 2
616,S  Bharat Mill
617,Rampura
618,Swatantra Bharat Mill
619,Shastri Nagar E  Blk
620,F  blk Kirti Nagar
621,Kirti Nagar Police Station
622,Sp Depot
623,Tagore Garden
624,Shivaji Enclave    Raghubir Ngr   
625,Mansrover Garden
626,Maya Puri Depot
627,Old Nangal
628,M P  Depot
629,Metal Forging
630,Rajori Garden
631,Rajouri Garden Ring Road
632,Kaccha Tihar
633,Kalibari Marg
634,Jhande Walan
635,Model Basti
636,Gtb Ngrins Hostel
637,Safiabad Bdr 
638,Ghoga Air Force Station
639,Bawana JJ Cly 
640,Jain Mandir
641,Ghoga Bhatta
642,Vishal Bagh
643,Sanoth Xing
644,Sanoth Village
645,Guru Gobind Singh College
646,Mangol Puri School
647,West Enclave
648,Pushpanjli Enclave
649,Karala
650,beta
651,Begampur
652,Karala Pathshala
653,Rama Vihar
654,Karala Village
655,Desu Office
656,Kanjhawala
657,Kanjhawala Village
658,Vasant Kunj Sec  A
659,Andehria More
660,Surak Pur
661,Nirmal Hospital
662,Ladpur
663,Chand Pur Xing
664,Kanjhawla Depot
665,Joyonti Xing
666,Jyonti
667,Jyonti Village
668,Joyonti
669,Jonti Sch   Shivalya  
670,Tatesar
671,Tatesar Vill 
672,Tatesar Gurukul
673,Gurkul
674,Punjab Khor
675,Jat Khor X  ing
676,Sriram Institute
677,Nagia Park
678,Nimri Coclony
679,Laxmi Bai College
680,Ashok Vihar Ph  II
681,Wazirpur Industrial Area
682,Inder Puri
683,Trilok Puri B  block
684,Chand Cinema
685,Kalyanpuri
686,Trilok Puri 26  Block
687,Trilok Puri
688,Kondli
689,East Vinod Nagar
690,Kondli Xing
691,Sunehri Masjid    G  blk P S Tuglak Road
692,Bakouli
693,Bakhtawar Pur School
694,Dehisara Border
695,Khampur
696,Tikri Khurd Xing
697,Tikri Khurd
698,Singhola Village
699,Singhu Village
700,Singhu Village X  ing
701,Singhu School
702,Desu Colony Singhu Border
703,Police Cly
704,East Patel Nagar
705,Narela A  5  6
706,Pithory
707,Prashnat Vihar X  ing
708,Ambedkar Nagar Sec  5
709,Rohini Sec  15
710,Rohini Pkt   2
711,Manav Chowk
712,Rohini Sec  16 A
713,Harewali Border
714,Jind Pur
715,Mukhmel Pur Xing
716,Bakhtawar Pur Village
717,Bakhtawar Pur
718,Bakhtawer Pur Garhi
719,Akber Pur Majra X  ing
720,Taj Pur More
721,Akber Pur Vill
722,Palla
723,Ashok Nagar
724,Shalimar Bagh BH  Blk
725,Shalimar Bagh Cc Center
726,Haidar Pur Dispensary
727,Khera Kalan
728,Khera Garhi
729,Khera Khurd
730,Naya Bans   Noida  
731,Jhingola Village
732,Scindia House
733,Bhai Parmanand Cly
734,Bakner School
735,Lampur Vill
736,Lampur Border
737,Dal Mill
738,Qadi Pur
739,Sushant Vihar Cly
740,Issapur Xing
741,Holambi Khurd School
742,Harizen Basti
743,Noida Telephone Exchange
744,Noida Sec  2
745,Noida Depot
746,Atta Chowk
747,Noida Sec  6
748,Holumbi Kalan
749,Holumbi Kalan JJ Cly
750,Bakoli Temple
751,Hamid Pur
752,Pulpehladpur
753,Bhatti Mines
754,Ali Village
755,Noida Sec  12 O  Blk
756,Gautam Puri
757,Vasant Vihar Depot
758,Badarpur
759,Jaitpur
760,Hill Area
761,Vasant Kunj Police Station
762,Nangli Sakrawati
763,Guru Harkishan Nagar
764,Madan Pur Khadar Xing
765,Sarita Vihar Xing
766,Sarita Vihar
767,Okhla Tank
768,Ali Xing
769,Madan Pur Khadar Dairy
770,Jasola Village
771,Kalindi Kunj
772,Sahin Bagh
773,Shahin Bagh
774,Abul Fz Encl
775,Abdul Fazal Encl Pkt  2
776,Amity International School Sec 44
777,International School   Noida  
778,Madan Pur Khadar JJ Cly
779,Madan Pur Khadar
780,Noida Sec  37 Xing
781,Chellra Village
782,Noida Sec  28  29
783,Agha Pur
784,Bharola Village
785,Barola Vill 
786,Noida Sec  82   Kendriya Vihar  
787,Sarin Farm
788,Sellarpur Village
789,Bhagel Village
790,Nepz Gate No  2
791,Noida Ph  II
792,Pratap Nagar
793,Kishan Ganj Mkt
794,Gulabai Bagh Xing
795,Bharat Nagar
796,Tamur Nagar
797,Okhla
798,Ppg Depot
799,Hari Ngr G  blk
800,Distt Park
801,Tilak Ngr G  blk
802,Babarpur Extn
803,Mori Gate Terminal 
804,Tis Hazari 
805,St  Stephen Hospital 
806,Ice Factory 
807,Roshanara Road 
808,Roshanara Bagh 
809,Clock Tower 
810,Shakti Nagar 
811,Roop Nagar 
812,Gur Mandi 
813,RanaPratap Bagh 
814,Nanak Piao 
815,Harmilap Mission 
816,Telephone Exchange 
817,Gujranwala Town 
818,Bara Bagh 
819,Azad Pur 
820,Nai Sabzi Mandi   Azadpur   
821,Adarsh Nagar 
822,Sarai Pippalthala 
823,Jahangirpui Xing 
824,GTK Depot 
825,GTK by Pass 
826,Badli Xing G T Road 
827,Libaspur 
828,Swaroop Nagar 
829,Harguru Govind Sarovar 
830,Nangli Poonam 
831,Jain Mandir 
832,Budh pur Village 
833,Alipur GT Road 
834,PWD office 
835,Bakoli Xing 
836,Bakhtawarpur School 
837,Bakhtawarpur 
838,Bakhtawarpur Garhi 
839,Akbarpur Majra 
840,Palla Xing 
841,Palla Village 
842,Sunger Pur
843,Tajpur Khurd
844,Tiggi Pur
845,Narela Ind  Area
846,National Museum
847,Loha Mandi
848, A  blk Toda Pur
849,Naraina Vihar
850,Inder Puri JJ Cly
851,Payal Cinema
852,Karam Pura
853,Mahindra Park
854,Shakur Pur JJ Cly
855,Rani Bagh
856,Jhilmil Xing
857,Old Seema Puri
858,Shahdara Rly Flyover Xing
859,P  pkt Dilshad Garden
860,Dilshad Garden School
861,Gtb Hosp  Xing
862,GTB Hospital
863,Nand Nagri Depot
864,Tahirpur Village
865,Gagan Cinema
866,Nathu Colony Chowk
867,Tahir Pur
868,Kalyan Vihar
869,Sunder Nagri
870,Vasant Vihar Terminal
871,Harsh Vihar
872,Nand Nagri Extn
873,Mandoli Tt Post
874,Mandoli Sewa Dham
875,East End Apptt   New Ashok Ngr   
876,Johari Pur Xing
877,Govt Model School
878,Gandhi Vihar
879,Majnu Ka Tila
880,Sangam Vihar
881,Wazirabad Village
882,Bhaswa Dairy
883,Badli Rly Station
884,Rohini Sec  18 X  ing
885,Paharganj
886,Rajinder Nagar Mkt
887,New Rajinder Ngr Mkt
888,Teliphone Exchage Dilshad Garden
889,Tel  Exchange East Patel Nagar
890,Noida Sec  22 X  ing
891,Staff Qtr Noida Sector  10
892,Rajinder Nagar R  Blk
893,Inder Puri A  blk
894,R Blk  New Rajender Ngr
895,Shadipur
896,Lok Vihar
897,Keshav Maha Vidhyalya
898,Saraswati Vihar E  blk
899,Cresent School
900,Parwana Road
901,Dayal Singh College
902,Lodhihoel
903,Lodhi Colony
904,Bharti Nagar
905,Humayun Rd
906,Shahjahan Road
907,Ispat Bhawan
908,Sujan Singh Park
909,Lodhi Colony 18 BLK
910,Pragati Vihar
911,Lodhi Road Corner
912,CGO Complex   Ispat Bhawan  
913,Baroda House
914,Kashmir Emporium
915,Maxmuller Bhawan
916,J&k House
917,High Court
918,Dsidc Xing
919,Raja Harish Chand Hosp
920,Narela A  7   S R Harishchandra Hospital  
921,A  9 Narela
922,B  4 Narela
923,Sunder Nagar   Road Bridge
924,Hindon Regulator
925,Samachar Apptt 
926,Trilok Puri 27  Block
927,Mayur Vihar Ph  1   Trml   
928,Mayur Vihar   I Xing
929,Noida Sec  14
930,Noida Sec  33
931,Jhund Pura
932,Noida Sec  11   Metro Hosp   
933,Noida Sec  23  54
934,New Kondali Mkt
935,Noida Sec  22 H  blk
936,Khora Cly 
937,Noida Sec  19
938,Noida Sec   55  56 Xing
939,Noida Sec  22
940,Noida Sec  34
941,Bmd Chowk
942,Dps
943,Dps Mathura Road
944,Ravinder Nagar
945,Siras Pur
946,minto road  
947,gita colony
948,azadpur nagar
949,Saahadara
950,Rajiv Nagar
951,Bhalswa JJ Cly
952,Jai Cly Bhalswa
953,Mahipal Pur Extn 
954,Mahipalpur Xing
955,North India Eng  College
956,Gurdwara Geeta Colony
957,Kalyan Puri Xing
958,P  post Near Radar
959,Palam Airport
960,P Post   Radar
961,Dallu Pura
962,New Kondli A  1
963,Mayur Vihar III Crossing
964,Mayur Vihar Phase  III
965,Summer Villa School
966,Noda Sec 12  22
967,Noida Sec  8
968,New Ashok Ngr
969,Noida Sec  56
970,Noida Sec  60
971,Noida Sect   22 H  blk
972,Noida Sect  32 Terminal
973,Noida Sec  32
974,Noida Sec  51
975,Karkarduma
976,Bhai Mati Dass Chowk
977,Gandhi Nagar
978,Kailash Nagar
979,Geeta Cly 5  Blk 
980,Krishna Nagar
981,Khureji
982,Pandit Park
983,Braham Puri Gali No 10
984,Ghonda
985,Jyoti Nagar
986,Jyoti Colony
987,Loni MIG Flat
988,Delhi Police Centre
989,Oberai Hotel
990,Pant Nagar
991,Seemapuri More
992,Seema Puri Xing
993,Kartar Nagar
994,Gamri Extn
995,Gharoli Village
996,Vasundhara Enclave
997,New Kondali Xing
998,Gokul Puri
999,Peera Garhi Chowk
1000, Ordinance Depot
1001,Mutan Nagar
1002,Dayalpur
1003,Gola Factory
1004,Mangol Puri D  Blk
1005,Mangol Puri Q  blk
1006,Mangolpuri C  blk
1007,Jawahar Nagar
1008,Indira Puri
1009,Indira Puri Police Station
1010,Indira Puri Loni Border
1011,Johri Pur Village
1012,Crpf Centre
1013,Nizamuddin East
1014,Nizamudin
1015,Sonia Vihar   C   Block
1016,Shiv Mandir   Babar Pur  
1017,Matclf House
1018,Gupta Cly
1019,Jagat Pur Temple
1020,Sadar Bazar
1021,Jagat Pur Village 
1022,Jagriti Enclave
1023,Dilshad Govt  School
1024,Dilshad Garden Terminal
1025,Staff Quarter Noida Sec   27
1026,Noida Sec  27
1027,Noida Sec  37
1028,Noida Staff Qtrs
1029,Tel Exchange Noida Sec  19
1030,Power House Sec  20
1031,Noida Sec27 H   Blk    Shiv Mandir   
1032,Noida Chora Village Xing
1033,Noida Sec   23  53 Chowk
1034,Trilok Puri 18   Blk
1035,Gharoli Dairy Farm
1036,Kondli Village
1037,Kalkaji Mandir
1038,Paras Cinema
1039,OS Communication
1040,Kalka Mandir
1041,Masjid Moth
1042,Bakarwala Xing
1043,Modi Flour Mill
1044,Svd
1045,Sukhdev Vihar Depot Okhla Tank
1046,Okhla Depot  I
1047,Noida Xing
1048,Mukherji Park
1049,Raghubir Nagar N  Blk
1050,Raghubir Ngr Subzi Mandi
1051,Gaon Wala Chowk
1052,Shyam Ngr
1053,Janak Puri B  1
1054,Shyam Ngr 
1055,Nagli Jalib
1056,Distt Center
1057,Krishna Park
1058,K Park Extn Mjr  B Singh Ngr
1059,Manohar Nagar
1060,Vikas Puri C  Blk
1061,Sonia Cinema
1062,Cis Colony
1063,Toda Pur
1064,I A S R
1065,Budha Jayanti Park
1066,Jhilmil Colony Mkt
1067,Digamber Jain Marg
1068,DDU Marg
1069,Ranjeet Hotel
1070,Mata Sundari College
1071,Kothi No 26
1072,Mayur Vihar Pkt   A
1073,Noida Sec  21  25
1074,West Vinod Nagar
1075,R K Puram Xing
1076,R K Puram Corner
1077,R K  Puram Sec  7 X  ing
1078,Nanak Pura Community Center
1079,Mohan Singh Market
1080,Rk Puram Sec  12
1081,Safdarjang Hospital
1082,AIIMS
1083,Ina Colony
1084,S J  Madrasa
1085,IIT Gate
1086,Green Park
1087,Central School
1088,INA Market
1089,South Extn
1090,K N College
1091,Kamal Cinema
1092,Defence Colony
1093,Moolchand Hospital
1094,Garhi
1095,Lsr College
1096,Garhi Village
1097,Kailash Colony
1098,Raj Nagar
1099,Noida Up Roadways Terminal
1100,Vasant Kunj B  3
1101,Kishangarh
1102,Manav Sthali
1103,Vasant Kunj   D P S   
1104,Poorvi Marg
1105,Baba Gang Nath Xing
1106,Munirka Dda
1107,R K Puram Sec  4
1108,R K  Puram Sec   2
1109,Safdarjang Airport
1110,Sarojini Nagar Market
1111,Mausam Bhavan
1112,Prithviraj Road
1113,Tuglak Road Police Station
1114,Shiv Puri
1115,Ujawa School
1116,B B M Depot
1117,Indira Vihar
1118,Panchsheel Club
1119,Swami Nagar
1120,Jia Sarai
1121,J & K Emporium
1122,Nirman Bhawan
1123,Modern School
1124,Vasant Vihar CPWD Cly
1125,IIT Hostel
1126,Jnu
1127,Sewa Ngr Rly Xing
1128,Road Bridge Xing
1129,Noida Sec  36
1130,Noida Sec  40
1131,Noida Degree College
1132,U P  Road Ways Bus Terminal Xing
1133,Gamri Extn   Pushta No  5  
1134,Noida Sec  30
1135,Noida Sec  34 S Blk
1136,Mayur Vihar Phase  II
1137,Chander Nagar
1138,Krishnapuri Extention
1139,B  blk Jhilmil Colony
1140,Rohini Sec  4
1141,Shakar Pur School Blk 
1142,Noida Sec  19B
1143,Noida Sec  18
1144,Noida Sect  49  41
1145,Noida Sec  49
1146,Sahni Farm
1147,Sadiq Nagar
1148,Diffence Cly Pant Nagar
1149,Ambedkar Nagar Depot
1150,Lado Sarai Xing
1151,Lal Kuan
1152,Jait Pur More
1153,Link Road
1154,Talkatora Stadium
1155,Madhu Vihar
1156,J M International School
1157,Bharat Sadhu Samaj
1158,11 Murti
1159,Ailway Colony
1160,Dwarka Sec   4&5 Xing
1161,SPG Complex
1162,Dwarka Sec  18
1163,gamma
1164,Dwarka Sec  10 Trml 
1165,Dwarka Metro Station Sec  14
1166,Indian Oil
1167,Race Course
1168,Teen Murti
1169,South Avenue
1170,Krishanan Menon Marg
1171,South Blockn
1172,Jamia Milia
1173,Batla House
1174,Unani Research Center
1175,Noor Masjid
1176,D P School
1177,Defence Cly P Pump
1178,Archana Cinema
1179,Jait Pur H  blk 
1180,Karala Desu Office
1181,Raghubir Nagar Gurudwara
1182,Mithapur
1183,Meetha Pur
1184,Jaitpur Extn    Islampur Road  
1185,Meetha Pur Chowk
1186,Hari Nagar
1187,Molar Bandh School
1188,Jaitpur Village
1189,Khyala Restt Cly
1190,Sham Ngr   Ghante Wala Chowk  
1191,Sapna Cinema
1192,Okhla Estate B  blk 
1193,Dda Flats Hamdard Nagar
1194,Shahpur Jat
1195,Siri Fort Road
1196,Malviya Nagar Corner
1197,Malviya Nagar F  Blk
1198,Soami Nagar
1199,C R Park
1200,Okhla Ind  II D  Blk
1201,Govind Puri
1202,Hindustan Steel
1203,Okhla Estate Phase  1
1204,Central Work Shop  II
1205,Hot Mix Plant
1206,C W Shop  ii Tehkhand
1207,Sheikh Sarai Ph  II
1208,Chirag Delhi
1209,Savitri Cinema
1210,Khirki Village
1211,Pushpa Bhawan
1212,Pushp Vihar Sec  3
1213,Desu Sub Station
1214,Seikh Sarai
1215,Dakshin Puri
1216,Madan Gir
1217,K G  Marg
1218,Eastern Court
1219,Saket Market    Press Enclave
1220,Devli Vill
1221,Prem Piao
1222,Chandpur Vill Majra School
1223,Majra Dabas School
1224,Bajit Pur Xing
1225,Don Bosco School
1226,C R Park Mkt   1
1227,Alaknanda
1228,Sarita Vihar Pocket A&H
1229,Maya Puri Xing
1230,Naraina Village
1231,Cod
1232,Ashoka Hotel
1233,Jait Pur Extn   Ii
1234,Molar Bandh
1235,Mithapur Extn    Sindhu Farm  
1236,I G University
1237,Maidan Garhi
1238,Okhla Enclave
1239,Sarojini Nagar Police Station
1240,C R Park Mela Ground
1241,Janta Flats
1242,Bhangel
1243,Gharoli Dda Flats
1244,Noida Sec  62 Electronic City
1245,Applo Hospsarita Vihar Xing
1246,Saket Market    Modi Hospital
1247,Anupam Cinema    Modi Hospital
1248,Saket
1249,Ncert
1250,Katwaria Sarai
1251,Sanskrit Vidhaya Peeth
1252,Claridge Hotal
1253,P R Rd
1254,Mcd Xing
1255,Chattar Pur
1256,Chhaatar Pur Village
1257,Chattarpur Extension
1258,Chandan Hola
1259,Mallu Farm
1260,Shani Dham Mandir
1261,Bandh More
1262,Sat Bari
1263,Fateh Pur Beri
1264,Dera More
1265,Check Post
1266,Dera Village
1267,Bhati Kalan Village
1268,Jheer Khure Temple
1269,RLA College
1270,Arsd Colleg
1271,Paschim Marg Vasant Vihar
1272,Arjun Path
1273, Poorvi Marg
1274,APS Colony
1275,Vasant Vihar Power House
1276,Godavari Hostel
1277,Drain
1278,Fai
1279,Icssr
1280,Kishan Garh X  ing
1281,R K Puram Sec  7
1282,M  block
1283,Verma Farm
1284,Masood Pur
1285,Kishan Garh   2
1286,A  1 V Kunj
1287,Mahipalpur
1288,Shiv Murti
1289,Mahipal Pur Dairy
1290,Rang Puri
1291,Cargo Terminal
1292,Mile STONE
1293,Orchid Hotel
1294,Rajokari Xing
1295,Kapashera Xing
1296,Kapashera Border
1297,Kapashera Village
1298,Pushpanjli G Blk 
1299,Kapashera
1300,Nbcc Bhatta
1301,Hsc
1302,Ghitorni Village
1303,Aya Ngr Xing 
1304,Aya Ngr Xing  
1305,Aya Nagar
1306,Palam Morh
1307,More Line
1308,Prehlad Pur 1
1309,Gadaipur
1310,Gadaipur Check Post
1311,Jona Pur
1312,Pahar Temple
1313,J L Bal Bhawan
1314,Mandi Village
1315,Jat Khor
1316,Road No 29  30 Xing
1317,Jwala Heri
1318,Paschim Vihar B  2
1319,Nangloi Syed
1320,Vishnu Garden N  W Chowk
1321,Saraswati Kunj
1322,Parivar Aptt 
1323,Vasant Kunj C  8   old Police Line  
1324,Kathuria Public School
1325,Samalkha Xing
1326,21 Mile Stone
1327,Samalkha
1328,F  11 Farm
1329,Dwarka Sector 21
1330,Bijwasan School
1331, Bijwasan Syndicate Bank
1332,Bijwasan Syndicate Bank
1333,Bijwasan Rly Xing
1334,Bijwasan Rly Station
1335,Poltry Farm
1336,Bamnoli Xing
1337,Rewla Khan Pur
1338,Bamnoli
1339,Daulatpur Xing
1340,Rewla Khan Pur Xing
1341,P House Bamnoli
1342,Bamnoli Power House
1343,Chhawala Camp
1344,Chhawala Village
1345,Chhawla School
1346,Kanganheri
1347,Jhatikara Xing
1348,Pandwala Kalan Xing
1349,Chhawala Girls School 
1350,Deen Pur
1351,Roshan Pura
1352,Deenpur Colony
1353,Najafgarh Thana
1354,Nangloi X  ing
1355,Ghuman Hera Xing
1356,Anaj Mandi
1357,Jharoda Camp
1358,Ghuman Hera
1359,Nangloi Stand Najaf Garh
1360,Tilak Ngr G  blk 
1361,Udasin Ashram
1362,Chhawala Stand   Dhnsa Stand
1363,Dichaon Kalan
1364,Baprola
1365,Chanchal Park
1366,Baprola Village
1367,Baprola Xing
1368,Farm House
1369, Lok Nayak Puram
1370,Bakar Garh Village
1371,Bakkarwala
1372,Tilangpur Kotla
1373,Durga Mandir
1374,Ranholla
1375,Laxmi Park
1376,Neelothi Xing
1377,Nilothi Xing
1378,Raj Pur Xing
1379,Igi Air Port
1380,Sultanpuri C  9  36
1381,National Highway  8 Xing
1382,Chhawala Bsf Camp
1383,Chhatar Pur Pahari   Syndicate Bank  
1384,Vinay Marg
1385,Rly  Museum
1386,Vasant Kunj C  9
1387,Khel Gaon
1388,USSR Embassy
1389,Safdarjang Enclave
1390,Arjun Ngr B  7
1391,Admn  Block
1392,Poorvanchal Hostel
1393,J N U Xing
1394,Ncc Head Qtr 
1395,Rohini Sec  24 Pkt  18
1396,alpha1
1397,Rithala Metro Station
1398,Dwarka Sec  6 & 7 Xing
1399,IGI Airport Terminal  3
1400,Nangal Dairy
1401,Centoor Hotel
1402,Pry  School Sagar Pur
1403,Janak Puri A  1
1404,Subroto Park
1405,West Air Command
1406,Rajokri
1407,Rajokri Harijan Basti
1408,Nangal Thakaran
1409,Kanjhawala School
1410,Chotu Ram Polytechnic
1411,Dtc Depot
1412,Ghevra Village
1413,Ghevra More
1414,Savada Ghevra JJ Cly
1415,Cr Iit College
1416,Sawda
1417,Ghevra Nala
1418,Tikri Piao
1419,Neelwal Bhatta
1420,Hiran Kudna Village
1421,Nilothi  1
1422,DK Depot
1423,Airforce Camp
1424,Shubh Ram Colony
1425,alpha2
1426,Dwarka Sec  6&10 Mkt
1427,Dwarka Sec  19 Pkt  2
1428,Amb  Punj
1429,Dwarka Sec  22  23
1430,Dhool Siras Xing
1431,Dwarka Sec  8
1432,Dwarka Sec  22 Pochan Pur More
1433,Dhool Siras
1434,Bhartal Village
1435,Raddission Hotel
1436,Dwarka Sec  23 Pochan Pur
1437,Dwarka Spg Complex G No 2
1438,Shahbad Mohd Pur
1439,Pandwala Khurd
1440,Pandwala Kalan
1441,Pandwala Village
1442,Badu Sarai
1443,Nanak Heri
1444,Uttam Ngr Xing
1445,Partibha School
1446,Dwarka 10  11 Xing
1447,Dwarka Sec 18 Kargill Aptt
1448,Buster Pump
1449,Kailash Puri
1450,Jama Masjid
1451,Radha Swami Sat Sang Sect  19   Dwarka  
1452,Dwarka Sec  23
1453,Press Aptt 
1454,Daulatpur
1455,Jhatikra
1456,Asalat Pur Khavad
1457,Narela
1458,Nangli Dairy
1459,Kakrola Bridge
1460,Netaji Subhash Instt Sec  13 Police Post
1461,Sec  3  4 Xing
1462,DPS Matiyala
1463,Dhansa Village
1464,Nawada
1465,Rama Park
1466,Dwarka More   U  Turn Under Flyover  
1467,Barthal Village
1468,Simon Boulevard Marg
1469,Ramphal Chowk
1470,Dada Dev Palam
1471,Bagrola Village
1472,Dwarka Sec  21  25 Xing
1473,Nirwana Green
1474,Neelwal Village
1475,Shivaji College
1476,Raja Garden Terminal
1477,Bakar Wala JJ Cly
1478,Nanak Piao
1479,Pipe Factory
1480,Mitraon
1481,Surehra Xing
1482,Mitraon School
1483,Kair College
1484,Rawata Xing
1485,Surehra Village
1486,M Dankaur Pub  School
1487,Zafar Pur Hospital
1488,Mundhela Xing
1489,Mundela School
1490,Issa Pur School
1491,Issa Pur Temple
1492,Kair Village
1493,Kharkhari Nahar
1494,Jharoda Kalan
1495,Ujwa X  ing   Surhera  
1496,Khera Dabar
1497,Jyonti Border
1498,Ujwa
1499,Malik Pur Zar Xing
1500,Musaddi Piao
1501,Malik Pur Zar
1502,Jhuljhuli X  ing
1503,Rawata
1504,Galib Pur
1505,Rawata School
1506,Daurala More
1507,Daurala Village
1508,Daurala Bdr
1509,Pandwalan School
1510,Kharkhari Jatmal
1511,Kharkhri Road
1512,Hasan Pur   Najafgarh  
1513,Ghuman Hera Village
1514,Toll Bridge Plaza
1515,Shikar Pur
1516,Bagrola Xing
1517,Goela Village
1518,Nanak Heri Border
1519,S K V  Dhansa
1520,Skv Dhansa
1521,Dhansa Border
1522,Mundhela Kalan
1523,Mundhela Khurd
1524,Khyala J J  Cly 
1525,Bakar Garhborder
1526,Hastsal JJ Cly
1527,Hastsal LIG Flats
1528,Chandi Wala
1529,D C Chowk
1530,Nilothi Village
1531,East Punjabi Bagh
1532,Paschuim Vihar Gh  13  14
1533,Ram Mandir
1534,Nihal Vihar Xing
1535,C  2 Keshav Puram
1536,Water Tajnk  Keshav Puram
1537,Majra Dabas
1538,Neelwal Xing
1539,Dichaon Kalan Village
1540,New Cly  Najaf Garh
1541,Tikri Vill 
1542,Nizam Pur
1543,Nizampur School
1544,Garhi Randhala
1545,Khera Mandir
1546,Agar Nagar
1547,Kirari
1548,Mahavir Encl   Iii
1549,M  blk Sawda
1550,Sawda Jj Colony
1551,Rohini Sec  5
1552,Rohini Sec  23  24   Divider Road  
1553,Nithari
